Country,Velocity,Conversion,Purchased
Banner Ads,116.2828383,0.077795341,2
Email,110.7430423,0.052953627,3
Search,124.2611703,0.069350277,7
Events,23.76195509,0.088924847,5
Social,121.3438964,0.082486803,4
Content Syndication,36.78418592,0.089063362,1
Nurture,30.72647931,0.024148051,8
Sponsorship,55.1225619,0.038953872,6
Display,143.331883,0.00218722,9
Retargetting,11.36239154,0.087794138,10
Newsletter Sponsorship,4.462671548,0.086061509,0
